2017-04-28, 11.1000
2017-05-01, 10.7700
2017-05-02, 10.1000
2017-05-03, 8.7200
2017-05-04, 9.9800
2017-05-05, 10.9200
2017-05-08, 10.8000
2017-05-09, 10.5500
2017-05-10, 10.7400
2017-05-11, 11.0000
2017-05-12, 11.3500
2017-05-15, 11.5200
2017-05-16, 11.7600
2017-05-17, 11.6600
2017-05-18, 11.5200
2017-05-19, 11.4000
2017-05-22, 11.0800
2017-05-23, 10.8100
2017-05-24, 10.9100
2017-05-25, 10.6500
2017-05-26, 10.7300
2017-05-30, 10.1800
2017-05-31, 10.0500
2017-06-01, 9.3300
2017-06-02, 9.5300
2017-06-05, 9.0000
2017-06-06, 9.5300
2017-06-07, 12.6600
2017-06-08, 13.2000
2017-06-09, 13.3000
2017-06-12, 14.0000
2017-06-13, 15.1100
2017-06-14, 16.7000
2017-06-15, 17.6800
2017-06-16, 19.3100
2017-06-19, 19.5400
2017-06-20, 18.9100
2017-06-21, 19.5300
2017-06-22, 21.1400
2017-06-23, 21.4300
2017-06-26, 23.3900
2017-06-27, 22.1700
2017-06-28, 20.6600
2017-06-29, 20.6000
2017-06-30, 20.4700
2017-07-03, 19.2100
2017-07-05, 21.1800
2017-07-06, 20.1800
2017-07-07, 21.0000
2017-07-10, 21.9900
2017-07-11, 21.5600
2017-07-12, 22.4000
2017-07-13, 22.9800
2017-07-14, 22.9300
2017-07-17, 21.8000
2017-07-18, 21.5300
2017-07-19, 22.2600
2017-07-20, 21.6000
2017-07-21, 21.4000
2017-07-24, 21.6200
2017-07-25, 20.8700
2017-07-26, 21.3500
2017-07-27, 20.9900
2017-07-28, 20.4100
2017-07-31, 19.5200
2017-08-01, 18.7100
2017-08-02, 19.0600
2017-08-03, 17.4100
2017-08-04, 18.0200
2017-08-07, 18.5700
2017-08-08, 19.2300
2017-08-09, 18.0900
2017-08-10, 17.2100
2017-08-11, 16.3300
2017-08-14, 15.3700
2017-08-15, 14.7900
2017-08-16, 15.1500
2017-08-17, 15.1800
2017-08-18, 14.2100
2017-08-21, 14.6200
2017-08-22, 15.5100
2017-08-23, 15.9400
2017-08-24, 15.9200
2017-08-25, 14.8400
2017-08-28, 15.5000
2017-08-29, 15.7400
2017-08-30, 17.5300
2017-08-31, 17.8500
2017-09-01, 17.3400
2017-09-05, 16.7400
2017-09-06, 17.8700
2017-09-07, 18.7500
2017-09-08, 18.4000
2017-09-11, 18.4300
2017-09-12, 18.5200
2017-09-13, 18.0500
2017-09-14, 18.1400
2017-09-15, 17.6600
2017-09-18, 16.3300
2017-09-19, 16.6900
2017-09-20, 17.5900
2017-09-21, 16.8100
2017-09-22, 16.1700
2017-09-25, 16.5000
2017-09-26, 16.0200
2017-09-27, 15.5000
2017-09-28, 14.9000
2017-09-29, 14.6800
2017-10-02, 15.6500
2017-10-03, 15.4300
2017-10-04, 15.3800
2017-10-05, 15.4500
2017-10-06, 15.2600
2017-10-09, 14.8100
2017-10-10, 13.9000
2017-10-11, 14.2500
2017-10-12, 14.0100
2017-10-13, 14.0200
2017-10-16, 14.0000
2017-10-17, 13.9900
2017-10-18, 13.9900
2017-10-19, 13.4600
2017-10-20, 13.3400
2017-10-23, 13.0300
2017-10-24, 13.6400
2017-10-25, 13.0300
2017-10-26, 12.6500
2017-10-27, 12.7600
2017-10-30, 12.5000
2017-10-31, 14.1800
2017-11-01, 14.0100
2017-11-02, 14.0000
2017-11-03, 14.0600
2017-11-06, 16.3600
2017-11-07, 15.1500
2017-11-08, 14.6600
2017-11-09, 13.8600
2017-11-10, 14.1900
2017-11-13, 15.0300
2017-11-14, 15.1300
2017-11-15, 14.9500
2017-11-16, 15.4000
2017-11-17, 15.5000
2017-11-20, 14.9400
2017-11-21, 14.6700
2017-11-22, 15.3200
2017-11-24, 15.4300
2017-11-27, 15.7400
2017-11-28, 16.5400
2017-11-29, 15.5900
2017-11-30, 16.2100
2017-12-01, 17.9100
2017-12-04, 20.2100
2017-12-05, 20.4300
2017-12-06, 20.5500
2017-12-07, 22.0200
2017-12-08, 21.2400
2017-12-11, 20.6700
2017-12-12, 21.3000
2017-12-13, 22.0800
2017-12-14, 23.2400
2017-12-15, 21.8700
2017-12-18, 21.5300
2017-12-19, 20.2800
2017-12-20, 20.9900
2017-12-21, 21.2300
2017-12-22, 21.2500
2017-12-26, 21.2300
2017-12-27, 20.2800
2017-12-28, 19.6300
2017-12-29, 19.1200
2018-01-02, 18.3100
2018-01-03, 18.3700
2018-01-04, 18.7500
2018-01-05, 19.7100
2018-01-08, 20.0500
2018-01-09, 20.1700
2018-01-10, 21.0400
2018-01-11, 20.5700
2018-01-12, 20.9500
2018-01-16, 20.5100
2018-01-17, 20.3800
2018-01-18, 20.2400
2018-01-19, 20.8600
2018-01-22, 20.3500
2018-01-23, 21.0200
2018-01-24, 20.7500
2018-01-25, 20.3400
2018-01-26, 19.7400
2018-01-29, 18.8100
2018-01-30, 19.0000
2018-01-31, 19.0900
2018-02-01, 18.4900
2018-02-02, 18.3000
2018-02-05, 17.5700
2018-02-06, 18.4800
2018-02-07, 18.4900
2018-02-08, 17.6600
2018-02-09, 18.1000
2018-02-12, 19.6400
2018-02-13, 20.4600
2018-02-14, 20.9000
2018-02-15, 21.8600
2018-02-16, 21.4200
2018-02-20, 21.4800
2018-02-21, 20.6300
2018-02-22, 20.9800
2018-02-23, 21.3800
2018-02-26, 21.8800
2018-02-27, 20.7200
2018-02-28, 20.0400
2018-03-01, 19.1300
2018-03-02, 18.7300
2018-03-05, 18.6300
2018-03-06, 18.6800
2018-03-07, 17.4600
2018-03-08, 17.0100
2018-03-09, 18.0300
2018-03-12, 18.4900
2018-03-13, 18.8700
2018-03-14, 21.2400
2018-03-15, 20.0200
2018-03-16, 20.9800
2018-03-19, 20.3700
2018-03-20, 20.2600
2018-03-21, 20.8500
2018-03-22, 20.9300
2018-03-23, 20.9600
2018-03-26, 22.3300
2018-03-27, 22.2700
2018-03-28, 22.6100
2018-03-29, 22.9300
2018-04-02, 22.5900
2018-04-03, 22.7100
2018-04-04, 22.3800
2018-04-05, 23.3200
2018-04-06, 22.9100
2018-04-09, 23.7400
2018-04-10, 23.9800
2018-04-11, 22.6800
2018-04-12, 23.2200
2018-04-13, 23.4000
2018-04-16, 27.0300
2018-04-17, 30.1000
2018-04-18, 29.7800
2018-04-19, 29.6900
2018-04-20, 29.3700
2018-04-23, 29.9600
2018-04-24, 28.0800
2018-04-25, 29.2600
2018-04-26, 27.4800
2018-04-27, 27.4500
2018-04-30, 26.2100
2018-05-01, 26.9900
2018-05-02, 26.7000
2018-05-03, 26.1800
2018-05-04, 25.4700
2018-05-07, 25.2400
2018-05-08, 24.9700
2018-05-09, 24.7600
2018-05-10, 26.7800
2018-05-11, 27.5000
2018-05-14, 27.1800
2018-05-15, 26.4700
2018-05-16, 26.7700
2018-05-17, 26.7800
2018-05-18, 26.7600
2018-05-21, 26.7200
2018-05-22, 26.7100
2018-05-23, 26.1800
2018-05-24, 25.7600
2018-05-25, 25.1000
2018-05-29, 27.1100
2018-05-30, 28.3100
2018-05-31, 28.8500
2018-06-01, 28.1700
2018-06-04, 29.7300
2018-06-05, 31.0600
2018-06-06, 32.9100
2018-06-07, 35.3500
2018-06-08, 36.0400
2018-06-11, 36.7600
2018-06-12, 38.9300
2018-06-13, 37.0900
2018-06-14, 40.3900
2018-06-15, 42.8200
2018-06-18, 43.1900
2018-06-19, 43.6800
2018-06-20, 38.7200
2018-06-21, 37.9300
2018-06-22, 40.3600
2018-06-25, 39.6800
2018-06-26, 40.5000
2018-06-27, 41.4700
2018-06-28, 41.7900
2018-06-29, 41.6000
2018-07-02, 42.6500
2018-07-03, 41.7300
2018-07-05, 44.9800
2018-07-06, 47.1700
2018-07-09, 44.8200
2018-07-10, 44.1400
2018-07-11, 43.9700
2018-07-12, 45.5600
2018-07-13, 44.1000
2018-07-16, 45.1700
2018-07-17, 45.9000
2018-07-18, 46.8300
2018-07-19, 45.3400
2018-07-20, 44.1900
2018-07-23, 43.3600
2018-07-24, 43.8300
2018-07-25, 45.5000
2018-07-26, 45.3400
2018-07-27, 44.2100
2018-07-30, 41.1200
2018-07-31, 43.0000
2018-08-01, 43.7400
2018-08-02, 43.4200
2018-08-03, 45.0800
2018-08-06, 46.9000
2018-08-07, 47.1500
2018-08-08, 47.0600
2018-08-09, 51.1100
2018-08-10, 54.0600
2018-08-13, 53.6400
2018-08-14, 54.8000
2018-08-15, 53.3400
2018-08-16, 54.3800
2018-08-17, 55.4200
2018-08-20, 58.5300
2018-08-21, 58.3800
2018-08-22, 57.9700
2018-08-23, 57.6400
2018-08-24, 60.0800
2018-08-27, 62.3900
2018-08-28, 63.0200
2018-08-29, 63.0400
2018-08-30, 62.0900
2018-08-31, 64.7400
2018-09-04, 67.3400
2018-09-05, 62.1500
2018-09-06, 58.9600
2018-09-07, 61.5000
2018-09-10, 68.2800
2018-09-11, 70.8200
2018-09-12, 67.4300
2018-09-13, 64.0100
2018-09-14, 63.4300
2018-09-17, 60.2700
2018-09-18, 59.2700
2018-09-19, 58.9500
2018-09-20, 60.0500
2018-09-21, 60.0100
2018-09-24, 59.5400
2018-09-25, 59.3300
2018-09-26, 61.1500
2018-09-27, 60.0000
2018-09-28, 59.0900
2018-10-01, 57.4700
2018-10-02, 54.4600
2018-10-03, 54.5500
2018-10-04, 53.3100
2018-10-05, 53.8700
2018-10-08, 52.6600
2018-10-09, 51.2400
2018-10-10, 46.5700
2018-10-11, 43.9000
2018-10-12, 46.9000
2018-10-15, 43.6500
2018-10-16, 45.6500
2018-10-17, 44.8300
2018-10-18, 42.7600
2018-10-19, 40.1700
2018-10-22, 41.5900
2018-10-23, 41.6300
2018-10-24, 38.5400
2018-10-25, 40.4600
2018-10-26, 38.7200
2018-10-29, 37.7500
2018-10-30, 37.6800
2018-10-31, 38.7500
2018-11-01, 44.3900
2018-11-02, 46.3300
2018-11-05, 46.4400
2018-11-06, 45.0500
2018-11-07, 46.1700
2018-11-08, 51.4700
2018-11-09, 48.9000
2018-11-12, 44.0100
2018-11-13, 45.5300
2018-11-14, 45.2500
2018-11-15, 47.8500
2018-11-16, 46.0400
2018-11-19, 42.3800
2018-11-20, 41.2200
2018-11-21, 41.6800
2018-11-23, 42.6600
2018-11-26, 45.0700
2018-11-27, 46.0300
2018-11-28, 47.4200
2018-11-29, 47.2600
2018-11-30, 43.2900
2018-12-03, 42.8600
2018-12-04, 38.4000
2018-12-06, 38.5800
2018-12-07, 35.7100
2018-12-10, 35.4700
2018-12-11, 33.8200
2018-12-12, 35.7600
2018-12-13, 33.5400
2018-12-14, 32.1500
2018-12-17, 32.7700
2018-12-18, 34.7500
2018-12-19, 32.5600
2018-12-20, 31.4000
2018-12-21, 29.8400
2018-12-24, 30.8100
2018-12-26, 33.7400
2018-12-27, 33.3200
2018-12-28, 31.7900
2018-12-31, 32.7100
2019-01-02, 32.2600
2019-01-03, 30.1900
2019-01-04, 30.7800
2019-01-07, 33.1700
2019-01-08, 35.6000
2019-01-09, 34.9700
2019-01-10, 34.1500
2019-01-11, 36.8000
2019-01-14, 35.5000
2019-01-15, 35.5600
2019-01-16, 35.3700
2019-01-17, 35.8100
2019-01-18, 36.9100
2019-01-22, 35.6500
2019-01-23, 37.0400
2019-01-24, 38.4000
2019-01-25, 39.8000
2019-01-28, 39.7100
2019-01-29, 37.0600
2019-01-30, 37.3100
2019-01-31, 37.1500
2019-02-01, 35.2800
2019-02-04, 36.2100
2019-02-05, 34.3700
2019-02-06, 33.4100
2019-02-07, 33.0200
2019-02-08, 32.1800
2019-02-11, 31.9800
2019-02-12, 35.0900
2019-02-13, 33.1300
2019-02-14, 34.3000
2019-02-15, 35.3500
2019-02-19, 36.7300
2019-02-20, 36.1400
2019-02-21, 34.7700
2019-02-22, 38.0000
2019-02-25, 38.4900
2019-02-26, 40.5000
2019-02-27, 41.8200
2019-02-28, 44.8600
2019-03-01, 43.6200
2019-03-04, 42.0700
2019-03-05, 47.9800
2019-03-06, 50.6000
2019-03-07, 49.4800
2019-03-08, 49.6000
2019-03-11, 52.1400
2019-03-12, 53.1000
2019-03-13, 55.9700
2019-03-14, 55.8000
2019-03-15, 56.6800
2019-03-18, 56.8600
2019-03-19, 57.9900
2019-03-20, 57.9700
2019-03-21, 57.9900
2019-03-22, 55.6200
2019-03-25, 56.3400
2019-03-26, 57.9900
2019-03-27, 58.1500
2019-03-28, 57.8500
2019-03-29, 58.0600
2019-04-01, 58.9400
2019-04-02, 62.8200
2019-04-03, 62.0000
2019-04-04, 59.9400
2019-04-05, 60.5100
2019-04-08, 58.8000
2019-04-09, 60.0900
2019-04-10, 62.9500
2019-04-11, 63.5500
2019-04-12, 66.0000
2019-04-15, 64.3800
2019-04-16, 64.6000
2019-04-17, 63.2000
2019-04-18, 62.9800
2019-04-22, 65.4000
2019-04-23, 66.5900
2019-04-24, 66.5400
2019-04-25, 66.0400
2019-04-26, 69.5800
2019-04-29, 70.3700
2019-04-30, 71.5600
2019-05-01, 70.6900
2019-05-02, 70.4400
2019-05-03, 72.1800
2019-05-06, 72.0400
2019-05-07, 71.0400
2019-05-08, 71.6500
2019-05-09, 75.2300
2019-05-10, 66.7600
2019-05-13, 62.2400
2019-05-14, 65.6800
2019-05-15, 65.4800
2019-05-16, 69.3400
2019-05-17, 68.1300
2019-05-20, 67.1800
2019-05-21, 67.0300
2019-05-22, 65.1100
2019-05-23, 63.2800
2019-05-24, 59.3900
2019-05-28, 60.1400
2019-05-29, 57.9600
2019-05-30, 58.7500
2019-05-31, 57.8800
2019-06-03, 58.3200
2019-06-04, 61.3000
2019-06-05, 59.6700
2019-06-06, 60.1000
2019-06-07, 63.2000
2019-06-10, 61.3400
2019-06-11, 61.2800
2019-06-12, 61.2500
2019-06-13, 61.7800
2019-06-14, 59.9800
2019-06-17, 63.6400
2019-06-18, 65.9700
2019-06-19, 63.5000
2019-06-20, 66.9000
2019-06-21, 67.0500
2019-06-24, 61.4800
2019-06-25, 60.3100
2019-06-26, 59.0700
2019-06-27, 61.9800
2019-06-28, 62.5900
2019-07-01, 65.6100
2019-07-02, 64.7000
2019-07-03, 64.1700
2019-07-05, 65.7900
2019-07-08, 66.6100
2019-07-09, 66.1200
2019-07-10, 67.6500
2019-07-11, 64.5900
2019-07-12, 67.3100
2019-07-15, 65.9000
2019-07-16, 62.0100
2019-07-17, 60.9200
2019-07-18, 59.6400
2019-07-19, 57.9100
2019-07-22, 58.4500
2019-07-23, 62.6300
2019-07-24, 65.1600
2019-07-25, 65.6300
2019-07-26, 66.4500
2019-07-29, 65.5400
2019-07-30, 62.3400
2019-07-31, 63.5600
2019-08-01, 62.8100
2019-08-02, 62.3900
2019-08-05, 60.9700
2019-08-06, 59.7800
2019-08-07, 57.9100
2019-08-08, 72.4700
2019-08-09, 78.1000
2019-08-12, 78.3500
2019-08-13, 80.4300
2019-08-14, 78.8900
2019-08-15, 78.9200
2019-08-16, 79.4500
2019-08-19, 77.1500
2019-08-20, 76.6200
2019-08-21, 83.0900
2019-08-22, 79.9200
2019-08-23, 78.6000
2019-08-26, 80.9400
2019-08-27, 80.1500
2019-08-28, 81.9600
2019-08-29, 82.4600
2019-08-30, 81.1600
2019-09-03, 79.6200
2019-09-04, 81.7800
2019-09-05, 84.6100
2019-09-06, 83.6100
2019-09-09, 83.0000
2019-09-10, 77.5100
2019-09-11, 77.9700
2019-09-12, 80.4100
2019-09-13, 80.2800
2019-09-16, 81.5300
2019-09-17, 80.8600
2019-09-18, 77.4100
2019-09-19, 76.5600
2019-09-20, 75.5100
2019-09-23, 74.6400
2019-09-24, 70.4600
2019-09-25, 70.5200
2019-09-26, 68.3100
2019-09-27, 66.0800
2019-09-30, 66.0000
2019-10-01, 67.0400
2019-10-02, 64.2200
2019-10-03, 67.2800
2019-10-04, 67.8100
2019-10-07, 66.1300
2019-10-08, 66.3900
2019-10-09, 69.1400
2019-10-10, 69.2600
2019-10-11, 72.2600
2019-10-14, 74.3500
2019-10-15, 77.8300
2019-10-16, 76.5500
2019-10-17, 77.1100
2019-10-18, 73.8500
2019-10-21, 77.2600
2019-10-22, 75.8000
2019-10-23, 76.9600
2019-10-24, 78.5200
2019-10-25, 79.2300
2019-10-28, 82.7700
2019-10-29, 84.6900
2019-10-30, 82.4800
2019-10-31, 81.0800
2019-11-01, 82.7300
2019-11-04, 82.9800
2019-11-05, 81.5200
2019-11-06, 79.0800
2019-11-07, 73.1200
2019-11-08, 77.9600
2019-11-11, 77.4900
2019-11-12, 78.2000
2019-11-13, 75.1900
2019-11-14, 78.0000
2019-11-15, 81.5700
2019-11-18, 84.8300
2019-11-19, 88.3400
2019-11-20, 88.9800
2019-11-21, 89.1900
2019-11-22, 89.7800
2019-11-25, 91.0600
2019-11-26, 92.8400
2019-11-27, 94.9800
2019-11-29, 95.3200
2019-12-02, 92.0000
2019-12-03, 91.9600
2019-12-04, 92.3600
2019-12-05, 87.9100
2019-12-06, 86.4200
2019-12-09, 89.3300
2019-12-10, 92.0800
2019-12-11, 94.7500
2019-12-12, 97.0000
2019-12-13, 91.8900
2019-12-16, 95.4200
2019-12-17, 94.6800
2019-12-18, 93.3700
2019-12-19, 96.2700
2019-12-20, 95.9100
2019-12-23, 95.2300
2019-12-24, 96.3800
2019-12-26, 98.4400
2019-12-27, 97.8200
2019-12-30, 92.2800
2019-12-31, 92.0500
2020-01-02, 96.9500
2020-01-03, 92.7500
2020-01-06, 92.3400
2020-01-07, 90.9100
2020-01-08, 89.1300
2020-01-09, 86.5700
2020-01-10, 87.6100
2020-01-13, 92.8700
2020-01-14, 86.0200
2020-01-15, 86.7700
2020-01-16, 87.2100
2020-01-17, 84.0000
2020-01-21, 83.5300
2020-01-22, 83.7200
2020-01-23, 82.9400
2020-01-24, 83.1100
2020-01-27, 84.7000
2020-01-28, 84.9400
2020-01-29, 81.7500
2020-01-30, 79.8800
2020-01-31, 79.2500
2020-02-03, 86.2500
2020-02-04, 91.3000
2020-02-05, 89.7500
2020-02-06, 91.0600
2020-02-07, 88.8600
2020-02-10, 89.4400
2020-02-11, 85.8000
2020-02-12, 86.6500
2020-02-13, 87.4000
2020-02-14, 88.6200
2020-02-18, 94.3100
2020-02-19, 106.7800
2020-02-20, 108.8100
2020-02-21, 110.0900
2020-02-24, 107.1000
2020-02-25, 104.0400
2020-02-26, 101.5600
2020-02-27, 88.7700
2020-02-28, 82.9100
2020-03-02, 82.3600
2020-03-03, 80.0500
2020-03-04, 82.4500
2020-03-05, 74.5500
2020-03-06, 66.0200
2020-03-09, 58.1900
2020-03-10, 62.7700
2020-03-11, 56.5900
2020-03-12, 45.1300
2020-03-13, 50.9200
2020-03-16, 39.1800
2020-03-17, 40.6100
2020-03-18, 29.9100
2020-03-19, 30.0100
2020-03-20, 29.3500
2020-03-23, 35.8000
2020-03-24, 51.2100
2020-03-25, 62.5100
2020-03-26, 56.5500
2020-03-27, 49.0400
2020-03-30, 52.3800
2020-03-31, 55.0900
2020-04-01, 50.5600
2020-04-02, 46.6100
2020-04-03, 45.9100
2020-04-06, 52.8300
2020-04-07, 55.5300
2020-04-08, 58.4800
2020-04-09, 61.3500
2020-04-13, 75.2800
2020-04-14, 84.0800
2020-04-15, 71.3400
2020-04-16, 71.2200
2020-04-17, 78.0600
2020-04-20, 80.3000
2020-04-21, 85.5800
2020-04-22, 82.6700
2020-04-23, 87.8100
2020-04-24, 92.2400
2020-04-27, 90.3100
2020-04-28, 82.9600
2020-04-29, 84.8900
2020-04-30, 80.1100
2020-05-01, 76.0000
2020-05-04, 80.0100
2020-05-05, 86.0000
2020-05-06, 91.1500
2020-05-07, 97.6700
2020-05-08, 100.0900
2020-05-11, 100.6700
2020-05-12, 93.7200
2020-05-13, 89.9000
2020-05-14, 89.5500
2020-05-15, 92.6600
2020-05-18, 98.5900
2020-05-19, 88.9100
2020-05-20, 91.1100
2020-05-21, 94.7400
2020-05-22, 96.4500
2020-05-26, 99.1900
2020-05-27, 96.1400
2020-05-28, 93.2900
2020-05-29, 92.9800
2020-06-01, 91.8500
2020-06-02, 109.1200
2020-06-03, 107.3900
2020-06-04, 102.0000
2020-06-05, 115.8700
2020-06-08, 113.6400
2020-06-09, 113.5500
2020-06-10, 118.8000
2020-06-11, 107.2600
2020-06-12, 111.2100
2020-06-15, 114.3200
2020-06-16, 118.0300
2020-06-17, 118.9600
2020-06-18, 122.9800
2020-06-19, 126.1200
2020-06-22, 127.3900
2020-06-23, 127.6100
2020-06-24, 112.2500
2020-06-25, 117.1600
2020-06-26, 117.4100
2020-06-29, 120.3700
2020-06-30, 120.2000
2020-07-01, 125.3800
2020-07-02, 128.5300
2020-07-06, 134.4400
2020-07-07, 133.1100
2020-07-08, 138.9200
2020-07-09, 138.6400
2020-07-10, 137.4600
2020-07-13, 126.5500
2020-07-14, 135.9500
2020-07-15, 136.4900
2020-07-16, 136.9500
2020-07-17, 141.1000
2020-07-20, 144.8400
2020-07-21, 145.0300
2020-07-22, 149.1900
2020-07-23, 147.9500
2020-07-24, 148.3600
2020-07-27, 150.8300
2020-07-28, 151.3800
2020-07-29, 155.4600
2020-07-30, 155.8700
2020-07-31, 154.9500
2020-08-03, 159.4900
2020-08-04, 166.6900
2020-08-05, 174.1200
2020-08-06, 222.9900
2020-08-07, 192.0000
2020-08-10, 190.1200
2020-08-11, 187.6500
2020-08-12, 193.2200
2020-08-13, 193.4300
2020-08-14, 196.6800
2020-08-17, 195.0000
2020-08-18, 202.6100
2020-08-19, 199.3100
2020-08-20, 202.5900
2020-08-21, 202.2000
2020-08-24, 200.8900
2020-08-25, 202.9300
2020-08-26, 207.8200
2020-08-27, 208.0100
2020-08-28, 218.4400
2020-08-31, 215.9600
2020-09-01, 227.1900
2020-09-02, 222.9800
2020-09-03, 198.5100
2020-09-04, 187.0000
2020-09-08, 181.0000
2020-09-09, 179.8600
2020-09-10, 178.6300
2020-09-11, 174.2400
2020-09-14, 171.5500
2020-09-15, 171.9200
2020-09-16, 175.9000
2020-09-17, 166.4400
2020-09-18, 164.7800
2020-09-21, 173.6700
2020-09-22, 226.8300
2020-09-23, 218.6700
2020-09-24, 208.3500
2020-09-25, 203.2600
2020-09-28, 218.0200
2020-09-29, 226.0300
2020-09-30, 223.0600
2020-10-01, 238.1000
2020-10-02, 222.7000
2020-10-05, 225.0100
2020-10-06, 214.6500
2020-10-07, 216.9600
2020-10-08, 214.0000
2020-10-09, 213.4500
2020-10-12, 209.5000
2020-10-13, 216.8500
2020-10-14, 213.2200
2020-10-15, 224.3900
2020-10-16, 221.3400
2020-10-19, 213.6800
2020-10-20, 199.9800
2020-10-21, 192.2300
2020-10-22, 202.2000
2020-10-23, 202.6400
2020-10-26, 201.3800
2020-10-27, 208.3200
2020-10-28, 203.0000
2020-10-29, 191.1900
2020-10-30, 185.3500
2020-11-02, 185.0100
2020-11-03, 191.0000
2020-11-04, 201.2000
2020-11-05, 204.5100
2020-11-06, 210.0000
2020-11-09, 194.1500
2020-11-10, 192.4900
2020-11-11, 207.2500
2020-11-12, 214.7400
2020-11-13, 211.0800
2020-11-16, 210.0100
2020-11-17, 221.5900
2020-11-18, 224.1800
2020-11-19, 227.0000
2020-11-20, 234.3000
2020-11-23, 240.0800
2020-11-24, 236.7200
2020-11-25, 238.1600
2020-11-27, 249.1400
2020-11-30, 250.2100
2020-12-01, 251.1300
2020-12-02, 225.4500
2020-12-03, 227.9200
2020-12-04, 243.0900
2020-12-07, 258.8800
2020-12-08, 261.3400
2020-12-09, 255.5000
2020-12-10, 260.4700
2020-12-11, 258.2600
2020-12-14, 250.9700
2020-12-15, 256.0400
2020-12-16, 260.9600
2020-12-17, 271.9900
2020-12-18, 266.2400
2020-12-21, 278.6000
2020-12-22, 291.5200
2020-12-23, 270.0000
2020-12-24, 274.7100
2020-12-28, 251.4900
2020-12-29, 250.5100
2020-12-30, 250.3400
2020-12-31, 239.5400
2021-01-04, 236.2700
2021-01-05, 255.5800
2021-01-06, 250.8300
2021-01-07, 270.1600
2021-01-08, 278.4400
2021-01-11, 274.1300
2021-01-12, 288.4400
2021-01-13, 289.4300
2021-01-14, 296.8300
2021-01-15, 287.5700
2021-01-19, 275.0000
2021-01-20, 269.8800
2021-01-21, 272.5500
2021-01-22, 273.4700
2021-01-25, 272.8100
2021-01-26, 261.3300
2021-01-27, 239.3100
2021-01-28, 256.0100
2021-01-29, 261.1900
2021-02-01, 264.2400
2021-02-02, 280.6500
2021-02-03, 283.8100
2021-02-04, 284.5300
2021-02-05, 288.1500
2021-02-08, 288.1600
2021-02-09, 292.9100
2021-02-10, 297.9300
2021-02-11, 294.3400
2021-02-12, 296.0500
2021-02-16, 296.2500
2021-02-17, 295.6100
2021-02-18, 295.4000
2021-02-19, 308.7400
2021-02-22, 281.9400
2021-02-23, 280.2700
2021-02-24, 284.9400
2021-02-25, 263.6600
2021-02-26, 283.5000
2021-03-01, 311.9200
2021-03-02, 314.8400
2021-03-03, 288.1300
2021-03-04, 269.9900
2021-03-05, 261.5400
2021-03-08, 241.1900
2021-03-09, 260.4200
2021-03-10, 260.4500
2021-03-11, 277.0400
2021-03-12, 286.6900
2021-03-15, 284.4600
2021-03-16, 283.6500
2021-03-17, 286.2800
2021-03-18, 262.8100
2021-03-19, 269.2200
2021-03-22, 273.9200
2021-03-23, 274.1700
2021-03-24, 252.8500
2021-03-25, 256.3600
2021-03-26, 259.0000
2021-03-29, 248.7100
2021-03-30, 254.5000
2021-03-31, 262.4000
2021-04-01, 265.3200
2021-04-05, 267.3300
2021-04-06, 277.6000
2021-04-07, 267.3000
2021-04-08, 271.0000
2021-04-09, 271.3000
2021-04-12, 269.2800
2021-04-13, 276.7100
2021-04-14, 270.0900
2021-04-15, 281.6900
2021-04-16, 275.0900
2021-04-19, 276.5000
2021-04-20, 262.6300
2021-04-21, 268.1800
2021-04-22, 265.0100
2021-04-23, 278.0100
2021-04-26, 294.3900
2021-04-27, 294.7600
2021-04-28, 293.4900
2021-04-29, 288.7400
2021-04-30, 285.2600
2021-05-03, 290.0000
2021-05-04, 289.2300
2021-05-05, 280.6200
2021-05-06, 263.4500
2021-05-07, 247.8100
2021-05-10, 242.1800
2021-05-11, 239.1900
2021-05-12, 226.5400
2021-05-13, 223.8700
2021-05-14, 237.5300
2021-05-17, 226.5600
2021-05-18, 227.3500
2021-05-19, 228.1500
2021-05-20, 241.7100
2021-05-21, 246.4200
2021-05-24, 253.8000
2021-05-25, 259.8000
2021-05-26, 259.1300
2021-05-27, 267.0700
2021-05-28, 265.0900
2021-06-01, 273.1400
2021-06-02, 278.6500
2021-06-03, 273.9000
2021-06-04, 279.8700
2021-06-07, 279.8500
2021-06-08, 276.3300
2021-06-09, 264.5100
2021-06-10, 266.6700
2021-06-11, 274.6600
2021-06-14, 278.6900
2021-06-15, 273.2000
2021-06-16, 279.4600
2021-06-17, 291.1600
2021-06-18, 294.3200
2021-06-21, 295.7300
2021-06-22, 313.1000
2021-06-23, 314.7300
2021-06-24, 304.5100
2021-06-25, 300.1600
2021-06-28, 305.4700
2021-06-29, 301.7200
2021-06-30, 301.8200
2021-07-01, 308.0100
2021-07-02, 312.0800
2021-07-06, 316.2400
2021-07-07, 316.8800
2021-07-08, 322.5100
2021-07-09, 323.4200
2021-07-12, 324.1200
2021-07-13, 323.0700
2021-07-14, 314.4300
2021-07-15, 311.2000
2021-07-16, 313.2700
2021-07-19, 311.0400
2021-07-20, 325.3400
2021-07-21, 331.7000
2021-07-22, 335.2300
2021-07-23, 338.9200
2021-07-26, 336.6400
2021-07-27, 336.9900
2021-07-28, 339.3200
2021-07-29, 339.1900
2021-07-30, 337.5600
2021-08-02, 333.9500
2021-08-03, 332.3700
2021-08-04, 330.9100
2021-08-05, 337.0000
2021-08-06, 345.6500
2021-08-09, 356.3400
2021-08-10, 370.1000
2021-08-11, 360.7000
2021-08-12, 358.1500
2021-08-13, 360.9800
2021-08-16, 361.5000
2021-08-17, 352.2900
2021-08-18, 350.6600
2021-08-19, 349.9500
2021-08-20, 349.7600
2021-08-23, 357.5800
2021-08-24, 353.3900
2021-08-25, 354.3900
2021-08-26, 351.7400
2021-08-27, 337.5200
2021-08-30, 337.7600
2021-08-31, 328.0600
2021-09-01, 330.4800
2021-09-02, 320.0200
2021-09-03, 328.6600
2021-09-07, 330.1800
2021-09-08, 328.9000
2021-09-09, 328.8100
2021-09-10, 329.7200
2021-09-13, 326.0600
2021-09-14, 329.0700
2021-09-15, 329.8600
2021-09-16, 342.2400
2021-09-17, 330.1000
2021-09-20, 326.5000
2021-09-21, 318.2200
2021-09-22, 321.0600
2021-09-23, 319.2500
2021-09-24, 321.9900
2021-09-27, 319.1200
2021-09-28, 305.7800
2021-09-29, 305.8100
2021-09-30, 301.5400
2021-10-01, 302.8300
2021-10-04, 294.0700
2021-10-05, 286.7800
2021-10-06, 285.7600
2021-10-07, 285.3100
2021-10-08, 282.4300
2021-10-11, 282.7400
2021-10-12, 281.4800
2021-10-13, 282.5400
2021-10-14, 284.0800
2021-10-15, 287.0600
2021-10-18, 288.9400
2021-10-19, 290.8500
2021-10-20, 289.0300
2021-10-21, 301.7600
2021-10-22, 297.5900
2021-10-25, 292.2300
2021-10-26, 291.5600
2021-10-27, 291.5300
2021-10-28, 297.9600
2021-10-29, 303.1800
2021-11-01, 301.9200
2021-11-02, 300.3000
2021-11-03, 301.4100
2021-11-04, 300.5900
2021-11-05, 297.8900
2021-11-08, 292.7300
2021-11-09, 295.8500
2021-11-10, 287.2600
2021-11-11, 286.2800
2021-11-12, 294.4300
2021-11-15, 298.1800
2021-11-16, 300.7900
2021-11-17, 292.2400
2021-11-18, 288.6200
2021-11-19, 291.7200
2021-11-22, 284.6900
2021-11-23, 282.0100
2021-11-24, 290.2000
2021-11-26, 291.1100
2021-11-29, 291.9700
2021-11-30, 280.4200
2021-12-01, 266.5400
2021-12-02, 265.6500
2021-12-03, 261.3500
2021-12-06, 263.1200
2021-12-07, 263.9900
2021-12-08, 267.8700
2021-12-09, 268.0400
2021-12-10, 270.8200
2021-12-13, 264.0200
2021-12-14, 241.0000
2021-12-15, 226.5000
2021-12-16, 204.1200
2021-12-17, 223.5900
2021-12-20, 205.6100
2021-12-21, 227.0000
2021-12-22, 237.8400
2021-12-23, 240.7800
2021-12-27, 232.1800
2021-12-28, 233.7600
2021-12-29, 225.2900
2021-12-30, 233.0800
2021-12-31, 231.7900
2022-01-03, 239.6300
2022-01-04, 220.9400
2022-01-05, 198.0000
2022-01-06, 191.3800
2022-01-07, 184.7100
2022-01-10, 183.4400
2022-01-11, 186.2000
2022-01-12, 177.5300
2022-01-13, 163.0000
2022-01-14, 156.3900
2022-01-18, 162.0900
2022-01-19, 157.1300
2022-01-20, 157.9900
2022-01-21, 135.6500
2022-01-24, 157.9000
2022-01-25, 146.5300
2022-01-26, 140.9500
2022-01-27, 141.6800
2022-01-28, 145.9900
2022-01-31, 162.0600
2022-02-01, 164.7800
2022-02-02, 158.4000
2022-02-03, 146.9400
2022-02-04, 150.3100
2022-02-07, 146.3300
2022-02-08, 153.1300
2022-02-09, 162.6900
2022-02-10, 154.5400
2022-02-11, 141.3500
2022-02-14, 140.6300
2022-02-15, 142.5000
2022-02-16, 138.6200
2022-02-17, 135.2300
2022-02-18, 126.4000
2022-02-22, 119.2500
2022-02-23, 113.6500
2022-02-24, 126.0500
2022-02-25, 152.5700
2022-02-28, 150.4700
2022-03-01, 145.0600
2022-03-02, 138.6100
2022-03-03, 123.3300
2022-03-04, 103.8400
2022-03-07, 104.9400
2022-03-08, 105.2000
2022-03-09, 116.5500
2022-03-10, 113.4800
2022-03-11, 113.7900
2022-03-14, 105.4800
2022-03-15, 120.4400
2022-03-16, 129.4500
2022-03-17, 134.8600
2022-03-18, 142.4300
2022-03-21, 136.3100
2022-03-22, 141.2800
2022-03-23, 141.1900
2022-03-24, 148.6500
2022-03-25, 128.5200
2022-03-28, 129.8600
2022-03-29, 138.6900
2022-03-30, 125.9800
2022-03-31, 119.2900
2022-04-01, 119.4600
2022-04-04, 132.9600
2022-04-05, 121.4600
2022-04-06, 113.7300
2022-04-07, 111.2300
2022-04-08, 107.3100
2022-04-11, 106.0100
2022-04-12, 100.7800
2022-04-13, 105.0900
2022-04-14, 101.5300
2022-04-18, 96.5500
2022-04-19, 101.7700
2022-04-20, 92.5000
2022-04-21, 83.1400
2022-04-22, 83.7500
2022-04-25, 81.2100
2022-04-26, 70.4900
2022-04-27, 65.7400
2022-04-28, 64.3700
2022-04-29, 57.9600
2022-05-02, 60.4700
2022-05-03, 57.3300
2022-05-04, 59.6500
2022-05-05, 48.9200
2022-05-06, 46.4800
2022-05-09, 38.7700
2022-05-10, 36.6800
2022-05-11, 30.0000
2022-05-12, 37.4000
2022-05-13, 38.3100
2022-05-16, 38.4000
2022-05-17, 41.6000
2022-05-18, 35.0500
2022-05-19, 32.8800
2022-05-20, 33.5700
2022-05-23, 30.2400
2022-05-24, 26.6500
2022-05-25, 30.9600
2022-05-26, 31.0900
2022-05-27, 33.8500
2022-05-31, 29.4400
2022-06-01, 26.4900
2022-06-02, 30.0800
2022-06-03, 26.5200
2022-06-06, 24.8800
2022-06-07, 25.4100
2022-06-08, 25.2000
2022-06-09, 23.1300
2022-06-10, 22.0100
2022-06-13, 21.0300
2022-06-14, 20.9200
2022-06-15, 24.4300
2022-06-16, 21.4000
2022-06-17, 24.2700
2022-06-21, 24.9100
2022-06-22, 25.1400
2022-06-23, 28.6400
2022-06-24, 31.5200
2022-06-27, 30.3400
2022-06-28, 24.7400
2022-06-29, 23.1100
2022-06-30, 22.5800
2022-07-01, 21.8700
2022-07-05, 27.5800
2022-07-06, 26.3000
2022-07-07, 26.7800
2022-07-08, 25.0900
2022-07-11, 22.0900
2022-07-12, 22.0700
2022-07-13, 20.9700
2022-07-14, 20.2300
2022-07-15, 21.2500
2022-07-18, 22.2500
2022-07-19, 22.8500
2022-07-20, 27.3800
2022-07-21, 28.2100
2022-07-22, 25.3800
2022-07-25, 25.2000
2022-07-26, 24.1800
2022-07-27, 26.3600
2022-07-28, 27.1800
2022-07-29, 29.1500
2022-08-01, 30.1700
2022-08-02, 34.0500
2022-08-03, 34.9000
2022-08-04, 33.5400
2022-08-05, 46.9800
2022-08-08, 46.4600
2022-08-09, 41.4300
2022-08-10, 47.3100
2022-08-11, 50.1300
2022-08-12, 52.1000
2022-08-15, 51.0000
2022-08-16, 54.5900
2022-08-17, 49.6200
2022-08-18, 47.8600
2022-08-19, 42.3000
2022-08-22, 35.9600
2022-08-23, 34.7000
2022-08-24, 36.0900
2022-08-25, 38.4900
2022-08-26, 35.5400
2022-08-29, 34.2100
2022-08-30, 33.0900
2022-08-31, 32.9900
2022-09-01, 32.7800
2022-09-02, 31.5800
2022-09-06, 31.4900
2022-09-07, 33.3100
2022-09-08, 33.9800
2022-09-09, 36.6200
2022-09-12, 42.2800
2022-09-13, 36.8100
2022-09-14, 36.0700
2022-09-15, 37.0200
2022-09-16, 32.9200
2022-09-19, 33.4500
2022-09-20, 30.9700
2022-09-21, 30.6600
2022-09-22, 26.9700
2022-09-23, 26.2000
2022-09-26, 24.4400
2022-09-27, 24.8300
2022-09-28, 26.8700
2022-09-29, 21.5700
2022-09-30, 20.3000
2022-10-03, 21.4600
2022-10-04, 23.2600
2022-10-05, 21.5500
2022-10-06, 21.1300
2022-10-07, 19.2700
2022-10-10, 18.2100
2022-10-11, 18.3200
2022-10-12, 19.0700
2022-10-13, 18.8700
2022-10-14, 17.1400
2022-10-17, 18.2200
2022-10-18, 18.3700
2022-10-19, 14.9900
2022-10-20, 14.4800
2022-10-21, 14.2500
2022-10-24, 13.3800
2022-10-25, 15.2800
2022-10-26, 15.1000
2022-10-27, 14.5200
2022-10-28, 14.4900
2022-10-31, 13.5300
2022-11-01, 15.2800
2022-11-02, 13.4700
2022-11-03, 14.3500
2022-11-04, 8.7600
2022-11-07, 7.3900
2022-11-08, 7.3600
2022-11-09, 7.5900
2022-11-10, 9.9900
2022-11-11, 11.8800
2022-11-14, 9.7400
2022-11-15, 9.9300
2022-11-16, 8.5500
2022-11-17, 8.3200
2022-11-18, 8.0600
2022-11-21, 7.0500
2022-11-22, 6.8000
2022-11-23, 8.1200
2022-11-25, 7.9700
2022-11-28, 7.4700
2022-11-29, 7.3400
2022-11-30, 7.7100
2022-12-01, 8.1300
2022-12-02, 8.0700
2022-12-05, 7.1000
2022-12-06, 6.7100
2022-12-07, 3.8300
2022-12-08, 4.9600
2022-12-09, 5.0500
2022-12-12, 4.9500
2022-12-13, 4.8300
2022-12-14, 5.2600
2022-12-15, 5.4700
2022-12-16, 5.0300
2022-12-19, 4.4200
2022-12-20, 4.1600
2022-12-21, 4.3200
2022-12-22, 4.1300
2022-12-23, 4.0500
2022-12-27, 3.7200
2022-12-28, 3.8300
2022-12-29, 4.4500
2022-12-30, 4.7400
2023-01-03, 4.6300
2023-01-04, 5.0400
2023-01-05, 4.5500
2023-01-06, 4.4100
2023-01-09, 4.4400
2023-01-10, 4.4200
2023-01-11, 5.5000
2023-01-12, 8.0300
2023-01-13, 7.0200
2023-01-17, 7.3100
2023-01-18, 6.9800
2023-01-19, 6.3800
2023-01-20, 6.4900
2023-01-23, 7.1800
2023-01-24, 6.6400
2023-01-25, 6.4300
2023-01-26, 6.5000
2023-01-27, 7.7700
2023-01-30, 10.0000
2023-01-31, 10.1700
2023-02-01, 13.5600
2023-02-02, 14.2500
2023-02-03, 14.4500
2023-02-06, 13.4300
2023-02-07, 13.1900
2023-02-08, 14.0100
2023-02-09, 11.9500
2023-02-10, 10.8400
2023-02-13, 11.0200
2023-02-14, 10.7200
2023-02-15, 12.6900
2023-02-16, 10.9200
2023-02-17, 11.3700
2023-02-21, 10.0600
2023-02-22, 10.0700
2023-02-23, 10.0800
2023-02-24, 8.0100
2023-02-27, 8.9300
2023-02-28, 9.4200
2023-03-01, 8.9100
2023-03-02, 9.4700
2023-03-03, 10.0900
2023-03-06, 9.1100
2023-03-07, 8.8800
2023-03-08, 8.8500
2023-03-09, 8.4400
2023-03-10, 7.3100
2023-03-13, 7.4800
2023-03-14, 6.8300
2023-03-15, 7.0500
2023-03-16, 7.4100
2023-03-17, 7.6500
2023-03-20, 7.0700
2023-03-21, 7.9300
2023-03-22, 8.4300
2023-03-23, 8.3500
2023-03-24, 8.1900
2023-03-27, 7.6200
2023-03-28, 7.3600
2023-03-29, 7.8700
2023-03-30, 8.8300
2023-03-31, 9.7900
2023-04-03, 9.2900
2023-04-04, 9.5000
2023-04-05, 8.5000
2023-04-06, 9.0100
2023-04-10, 9.3100
2023-04-11, 9.7600
2023-04-12, 9.2400
2023-04-13, 9.3700
2023-04-14, 8.9700
2023-04-17, 9.0600
2023-04-18, 8.8000
2023-04-19, 8.6300
2023-04-20, 8.0000
2023-04-21, 8.1400
2023-04-24, 8.3700
2023-04-25, 7.5500
2023-04-26, 7.5200
2023-04-27, 7.3400
2023-04-28, 6.9400
2023-05-01, 6.9300
2023-05-02, 7.2200
2023-05-03, 7.0700
2023-05-04, 7.2000
2023-05-05, 8.9600
2023-05-08, 11.3000
2023-05-09, 11.8500
2023-05-10, 13.1500
2023-05-11, 11.9600
2023-05-12, 10.5000
2023-05-15, 11.5800
2023-05-16, 10.6000
2023-05-17, 11.8000
2023-05-18, 11.9600
2023-05-19, 10.7400
2023-05-22, 11.4700
2023-05-23, 11.9100
2023-05-24, 11.5300
2023-05-25, 10.9400
2023-05-26, 11.7400
2023-05-30, 13.7200
2023-05-31, 12.9200
2023-06-01, 15.8000
2023-06-02, 15.6800
2023-06-05, 15.0000
2023-06-06, 14.7800
2023-06-07, 15.5300
2023-06-08, 24.2300
2023-06-09, 19.0700
2023-06-12, 21.2600
2023-06-13, 23.5100
2023-06-14, 23.4000
2023-06-15, 26.3800
2023-06-16, 25.3200
2023-06-20, 23.5200
2023-06-21, 24.1700
2023-06-22, 25.5400
2023-06-23, 21.4100
2023-06-26, 20.9100
2023-06-27, 24.3000
2023-06-28, 28.0300
2023-06-29, 25.7400
2023-06-30, 25.9200
2023-07-03, 25.8000
2023-07-05, 25.8500
2023-07-06, 24.3200
2023-07-07, 29.4500
2023-07-10, 34.2700
2023-07-11, 35.5700
2023-07-12, 38.8900
2023-07-13, 37.6800
2023-07-14, 37.7000
2023-07-17, 36.5300
2023-07-18, 39.8000
2023-07-19, 55.8000
2023-07-20, 46.7300
2023-07-21, 45.6200
2023-07-24, 46.2400
2023-07-25, 44.1100
2023-07-26, 43.7500
2023-07-27, 40.4600
2023-07-28, 44.0200
2023-07-31, 45.9500
2023-08-01, 49.1100
2023-08-02, 51.8500
2023-08-03, 51.7900
2023-08-04, 45.4400
2023-08-07, 44.8100
2023-08-08, 44.0100
2023-08-09, 41.4400
2023-08-10, 39.4600
2023-08-11, 41.1000
2023-08-14, 41.0900
2023-08-15, 39.3200
2023-08-16, 38.0600
2023-08-17, 37.2400
2023-08-18, 39.2100
2023-08-21, 40.3400
2023-08-22, 38.3700
2023-08-23, 40.2800
2023-08-24, 37.7600
2023-08-25, 41.2000
2023-08-28, 45.3700
2023-08-29, 47.4000
2023-08-30, 49.7100
2023-08-31, 50.3500
2023-09-01, 50.8500
2023-09-05, 49.8400
2023-09-06, 50.5100
2023-09-07, 47.6300
2023-09-08, 46.9600
2023-09-11, 50.8100
2023-09-12, 50.8000
2023-09-13, 49.2300
2023-09-14, 55.8600
2023-09-15, 52.2000
2023-09-18, 51.9500
2023-09-19, 47.5000
2023-09-20, 43.7100
2023-09-21, 42.9000
2023-09-22, 41.9900
2023-09-25, 40.2500
2023-09-26, 39.5300
2023-09-27, 40.8300
2023-09-28, 41.2400
2023-09-29, 41.9800
2023-10-02, 39.2500
2023-10-03, 38.2100
2023-10-04, 37.6300
2023-10-05, 35.7400
2023-10-06, 37.6500
2023-10-09, 38.8700
2023-10-10, 39.0400
2023-10-11, 37.8700
2023-10-12, 33.8700
2023-10-13, 33.8700
2023-10-16, 34.6100
2023-10-17, 34.4900
2023-10-18, 32.4600
2023-10-19, 31.5900
2023-10-20, 31.0700
2023-10-23, 31.7500
2023-10-24, 31.6800
2023-10-25, 29.4700
2023-10-26, 29.1000
2023-10-27, 28.5800
2023-10-30, 27.5200
2023-10-31, 27.0000
2023-11-01, 25.9900
2023-11-02, 29.9200
2023-11-03, 32.2800
2023-11-06, 33.2300
2023-11-07, 34.1700
2023-11-08, 33.9900
2023-11-09, 30.4400
2023-11-10, 29.1900
2023-11-13, 28.6400
2023-11-14, 33.2100
2023-11-15, 34.1600
2023-11-16, 32.3600
2023-11-17, 32.0300
2023-11-20, 33.1200
2023-11-21, 31.1800
2023-11-22, 31.3500
2023-11-24, 31.4100
2023-11-27, 30.9300
2023-11-28, 31.6200
2023-11-29, 32.0100
2023-11-30, 31.3200
2023-12-01, 35.2000
2023-12-04, 40.0700
2023-12-05, 38.7600
2023-12-06, 37.3800
2023-12-07, 37.9000
2023-12-08, 40.2600
2023-12-11, 39.8300
2023-12-12, 39.5000
2023-12-13, 45.0700
2023-12-14, 50.6200
2023-12-15, 51.4000
2023-12-18, 55.6800
2023-12-19, 59.8000
2023-12-20, 55.4500
2023-12-21, 58.2100
2023-12-22, 54.7400
2023-12-26, 53.5600
2023-12-27, 54.3900
2023-12-28, 54.9100
2023-12-29, 52.9400
2024-01-02, 48.8700
2024-01-03, 46.6900
2024-01-04, 46.5900
2024-01-05, 46.8700
2024-01-08, 48.3300
2024-01-09, 47.1600
2024-01-10, 46.7400
2024-01-11, 46.0400
2024-01-12, 42.7800
2024-01-16, 42.2900
2024-01-17, 42.2100
2024-01-18, 42.8400
2024-01-19, 44.9200
2024-01-22, 48.3500
2024-01-23, 45.5400
2024-01-24, 42.0300
2024-01-25, 41.0000
2024-01-26, 41.8000
2024-01-29, 44.9200
2024-01-30, 44.1400
2024-01-31, 43.0600
2024-02-01, 42.5300
2024-02-02, 43.4500
2024-02-05, 43.8000
2024-02-06, 48.1900
2024-02-07, 48.0900
2024-02-08, 52.3900
2024-02-09, 53.1300
2024-02-12, 55.2800
2024-02-13, 51.9700
2024-02-14, 54.1600
2024-02-15, 57.6200
2024-02-16, 52.4800
2024-02-20, 51.8100
2024-02-21, 49.4000
2024-02-22, 52.4100
2024-02-23, 69.2300
2024-02-26, 69.8800
2024-02-27, 80.4200
2024-02-28, 75.4700
2024-02-29, 75.9300
2024-03-01, 82.9600
2024-03-04, 81.5400
2024-03-05, 77.3300
2024-03-06, 77.8100
2024-03-07, 79.4700
2024-03-08, 85.3000
2024-03-11, 78.1000
2024-03-12, 76.2800
2024-03-13, 79.6700
2024-03-14, 76.6800
2024-03-15, 79.5800
2024-03-18, 80.7900
2024-03-19, 78.8800
2024-03-20, 86.4200
2024-03-21, 87.7100
2024-03-22, 85.9400
2024-03-25, 88.4100
2024-03-26, 90.8100
2024-03-27, 90.3100
2024-03-28, 87.9100
2024-04-01, 86.7900
2024-04-02, 82.8700
2024-04-03, 82.4000
2024-04-04, 82.4400
2024-04-05, 83.8400
2024-04-08, 82.6700
2024-04-09, 83.6800
2024-04-10, 80.5200
2024-04-11, 80.4400
2024-04-12, 74.9900
2024-04-15, 69.8300
2024-04-16, 70.6400
2024-04-17, 69.1600
2024-04-18, 71.1500
2024-04-19, 71.3600
2024-04-22, 71.4400
2024-04-23, 75.6200
2024-04-24, 75.3500
2024-04-25, 77.5000
2024-04-26, 84.3100
2024-04-29, 83.7600
2024-04-30, 82.9200
2024-05-01, 87.0900
2024-05-02, 116.5000
2024-05-03, 121.6700
2024-05-06, 122.9700
2024-05-07, 116.6600
2024-05-08, 114.4200
2024-05-09, 120.4100
2024-05-10, 117.0000
2024-05-13, 116.9000
2024-05-14, 120.9500
2024-05-15, 121.0700
2024-05-16, 117.9300
2024-05-17, 117.5000
2024-05-20, 117.5000
2024-05-21, 115.0300
2024-05-22, 115.7200
2024-05-23, 109.9100
2024-05-24, 109.1500
2024-05-28, 104.5900
2024-05-29, 105.0500
2024-05-30, 102.3900
2024-05-31, 99.9800
2024-06-03, 98.9600
2024-06-04, 101.1000
2024-06-05, 103.0400
2024-06-06, 104.6700
2024-06-07, 106.5600
2024-06-10, 108.0500
2024-06-11, 104.1200
2024-06-12, 111.0700
2024-06-13, 106.7400
2024-06-14, 103.0600
2024-06-17, 108.9400
2024-06-18, 110.7800
2024-06-20, 109.8500
2024-06-21, 112.9900
2024-06-24, 119.5000
2024-06-25, 128.5800
2024-06-26, 126.6000
2024-06-27, 132.8800
2024-06-28, 128.7200
2024-07-01, 124.3500
2024-07-02, 127.5300
2024-07-03, 127.8400
2024-07-05, 128.0500
2024-07-08, 122.3200
2024-07-09, 125.7000
2024-07-10, 130.9700
2024-07-11, 129.9300
2024-07-12, 136.2400
2024-07-15, 142.0900
2024-07-16, 145.0300
2024-07-17, 133.7500
2024-07-18, 129.1800
2024-07-19, 130.0600
2024-07-22, 128.8900
2024-07-23, 129.1100
2024-07-24, 123.4200
2024-07-25, 124.1000
2024-07-26, 132.8500
2024-07-29, 127.6100
2024-07-30, 126.7800
2024-07-31, 133.2300
2024-08-01, 146.5200
2024-08-02, 137.2000
2024-08-05, 135.3400
2024-08-06, 138.9500
2024-08-07, 128.6400
2024-08-08, 133.4100
2024-08-09, 135.9200
2024-08-12, 133.4800
2024-08-13, 146.4900
2024-08-14, 142.0000
2024-08-15, 151.5600
2024-08-16, 155.9300
2024-08-19, 155.7500
2024-08-20, 154.1800
2024-08-21, 156.7700
2024-08-22, 153.0200
2024-08-23, 159.7800
2024-08-26, 157.9900
2024-08-27, 158.7400
2024-08-28, 154.3100
2024-08-29, 150.0800
2024-08-30, 150.6200
2024-09-03, 144.5200
2024-09-04, 144.7400
2024-09-05, 141.1400
2024-09-06, 133.4100
2024-09-09, 135.4800
2024-09-10, 130.7200
2024-09-11, 133.5400
2024-09-12, 140.5200
2024-09-13, 141.9000
2024-09-16, 152.9000
2024-09-17, 156.5800
2024-09-18, 161.6300
2024-09-19, 170.7400
2024-09-20, 173.8500
2024-09-23, 175.1500
2024-09-24, 172.7000
2024-09-25, 169.6500
2024-09-26, 171.2100
2024-09-27, 169.7800
2024-09-30, 174.1100
2024-10-01, 175.8000
2024-10-02, 176.9500
2024-10-03, 176.6400
2024-10-04, 180.1700
2024-10-07, 179.7300
2024-10-08, 190.9900
2024-10-09, 190.0700
2024-10-10, 191.5700
2024-10-11, 192.2500
2024-10-14, 189.0900
2024-10-15, 192.0200
2024-10-16, 193.4000
2024-10-17, 191.9200
2024-10-18, 191.3100
2024-10-21, 191.4900
2024-10-22, 197.3500
2024-10-23, 197.3400
2024-10-24, 200.2200
2024-10-25, 202.5300
2024-10-28, 205.0200
2024-10-29, 208.7400
2024-10-30, 207.3100
2024-10-31, 247.3100
2024-11-01, 229.0800
2024-11-04, 226.0800
2024-11-05, 235.6800
2024-11-06, 238.9300
2024-11-07, 241.4300
2024-11-08, 244.3500
2024-11-11, 250.0600
2024-11-12, 246.7500
2024-11-13, 239.9800
2024-11-14, 240.4400
2024-11-15, 241.0000
2024-11-18, 244.6900
2024-11-19, 249.4300
2024-11-20, 244.5000
2024-11-21, 248.3800
2024-11-22, 259.3600
2024-11-25, 260.8000
2024-11-26, 256.0000
2024-11-27, 254.9700
2024-11-29, 260.4200
2024-12-02, 254.9400
2024-12-03, 255.7600
2024-12-04, 260.1300
2024-12-05, 255.7300
2024-12-06, 251.2100
2024-12-09, 244.0300
2024-12-10, 236.5200
2024-12-11, 250.9500
2024-12-12, 247.7700
2024-12-13, 248.2500
2024-12-16, 255.7600
2024-12-17, 253.7000
2024-12-18, 233.0200
2024-12-19, 222.9800
2024-12-20, 224.4600
2024-12-23, 222.6000
2024-12-24, 223.8900
2024-12-26, 224.0600
2024-12-27, 215.0900
2024-12-30, 210.5500
2024-12-31, 203.3600
2025-01-02, 199.5600
2025-01-03, 177.1600
2025-01-06, 188.8500
2025-01-07, 198.3500
2025-01-08, 197.0000
2025-01-10, 193.0600
2025-01-13, 194.5100
2025-01-14, 195.1900
2025-01-15, 214.0400
2025-01-16, 231.9200
2025-01-17, 230.4900
2025-01-21, 232.3200
2025-01-22, 234.0500
2025-01-23, 243.1200
2025-01-24, 240.4700
2025-01-27, 242.1500
2025-01-28, 244.8500
2025-01-29, 245.4600
2025-01-30, 243.9400
2025-01-31, 247.4800
2025-02-03, 251.6300
2025-02-04, 257.6500
2025-02-05, 255.9800
2025-02-06, 263.1700
2025-02-07, 264.0700
2025-02-10, 267.8100
2025-02-11, 271.1500
2025-02-12, 267.9300
2025-02-13, 272.4000
2025-02-14, 285.3300
2025-02-18, 284.5300
2025-02-19, 281.8200
2025-02-20, 247.7200
2025-02-21, 223.3000
2025-02-24, 215.6500
2025-02-25, 221.6800
2025-02-26, 232.6300
2025-02-27, 223.2100
2025-02-28, 233.1000
2025-03-03, 219.4500
2025-03-04, 215.0900
2025-03-05, 215.8900
2025-03-06, 186.8500
2025-03-07, 188.4700
2025-03-10, 171.6100
2025-03-11, 172.2200
2025-03-12, 179.2900
2025-03-13, 166.6700
2025-03-14, 181.1800
2025-03-17, 186.5000
2025-03-18, 166.5200
2025-03-19, 176.0900
2025-03-20, 185.4200
2025-03-21, 190.9500
2025-03-24, 213.6300
2025-03-25, 221.6600
2025-03-26, 204.8700
2025-03-27, 203.9500
2025-03-28, 204.4100
2025-03-31, 209.0800
2025-04-01, 212.5900
2025-04-02, 226.3200
2025-04-03, 181.7900
2025-04-04, 162.5700
2025-04-07, 167.8700
2025-04-08, 176.3200
2025-04-09, 220.4400
2025-04-10, 203.6600
2025-04-11, 206.2000
2025-04-14, 204.7300
2025-04-15, 213.8100
2025-04-16, 209.3000
2025-04-17, 211.4100
2025-04-21, 195.8300
2025-04-22, 211.9500
2025-04-23, 220.9400
2025-04-24, 235.0200
2025-04-25, 237.1500
